{"text": "\u611b\u3057\u3044\u65e5\u3005", "segments": [{"id": 0, "seek": 0, "start": 0.0, "end": 4.32, "text": "\u611b\u3057\u3044\u65e5\u3005", "tokens": [50364, 15157, 17121, 6890, 45032, 50580], "temperature": 0.0, "avg_logprob": -0.5738921846662249, "compression_ratio": 0.625, "no_speech_prob": 0.0011334780137985945}], "language": "Japanese"}