{"text": "\u5922\u898b\u3066\u308b \u61d0\u304b\u3057\u3044\u65e5\u3005", "segments": [{"id": 0, "seek": 0, "start": 0.0, "end": 11.84, "text": "\u5922\u898b\u3066\u308b \u61d0\u304b\u3057\u3044\u65e5\u3005", "tokens": [50364, 35165, 33363, 4895, 220, 13183, 238, 3703, 17121, 6890, 45032, 50956], "temperature": 0.0, "avg_logprob": -0.39613844798161435, "compression_ratio": 0.775, "no_speech_prob": 0.001169439870864153}], "language": "Japanese"}