{"text": "\u53e3\u305a\u3055\u3080", "segments": [{"id": 0, "seek": 0, "start": 0.0, "end": 5.0, "text": "\u53e3\u305a\u3055\u3080", "tokens": [50364, 18144, 18216, 6722, 33350, 50614], "temperature": 0.6000000000000001, "avg_logprob": -0.8749655314854213, "compression_ratio": 0.5714285714285714, "no_speech_prob": 0.5109407305717468}], "language": "Japanese"}