{"text": "\u96e8 \u6fe1\u308c\u308b", "segments": [{"id": 0, "seek": 0, "start": 0.0, "end": 5.5200000000000005, "text": "\u96e8 \u6fe1\u308c\u308b", "tokens": [50364, 35339, 220, 26373, 94, 35367, 50640], "temperature": 0.0, "avg_logprob": -0.5918620824813843, "compression_ratio": 0.5909090909090909, "no_speech_prob": 0.0013566096313297749}], "language": "Japanese"}