{"text": "\u597d\u304d\u306a\u4eba", "segments": [{"id": 0, "seek": 0, "start": 0.0, "end": 4.66, "text": "\u597d\u304d\u306a\u4eba", "tokens": [50364, 2131, 7016, 3203, 4035, 50597], "temperature": 0.0, "avg_logprob": -0.5285731724330357, "compression_ratio": 0.5714285714285714, "no_speech_prob": 0.0007745130569674075}], "language": "Japanese"}