{"text": "\u3082\u3046\u4e8c\u5ea6\u3068\u5e30\u3089\u306a\u3044", "segments": [{"id": 0, "seek": 0, "start": 0.0, "end": 7.0, "text": "\u3082\u3046\u4e8c\u5ea6\u3068\u5e30\u3089\u306a\u3044", "tokens": [50364, 16324, 11217, 13127, 3193, 4845, 108, 5154, 9311, 50714], "temperature": 0.0, "avg_logprob": -0.3653898672624068, "compression_ratio": 0.7105263157894737, "no_speech_prob": 0.005870069842785597}], "language": "Japanese"}