{"text": "\u82b1\u54b2\u3044\u305f \u751f\u307e\u308c\u305f\u3066\u306e\u306c\u304f\u3082\u308a", "segments": [{"id": 0, "seek": 0, "start": 0.0, "end": 11.8, "text": "\u82b1\u54b2\u3044\u305f \u751f\u307e\u308c\u305f\u3066\u306e\u306c\u304f\u3082\u308a", "tokens": [50364, 20127, 8975, 110, 17679, 220, 8244, 2889, 35478, 2996, 2972, 487, 105, 6134, 4801, 5095, 50954], "temperature": 0.0, "avg_logprob": -0.24756556087070042, "compression_ratio": 0.8269230769230769, "no_speech_prob": 0.0025283757131546736}], "language": "Japanese"}