{"text": "\u5e7c\u3044\u79c1\u306e \u7a7a\u3063\u307d\u306e\u80f8\u306b", "segments": [{"id": 0, "seek": 0, "start": 0.0, "end": 12.0, "text": "\u5e7c\u3044\u79c1\u306e \u7a7a\u3063\u307d\u306e\u80f8\u306b", "tokens": [50364, 3509, 120, 1764, 20083, 2972, 220, 23322, 32918, 121, 2972, 19095, 116, 4108, 50964], "temperature": 0.0, "avg_logprob": -0.34644827246665955, "compression_ratio": 0.775, "no_speech_prob": 0.05912110209465027}], "language": "Japanese"}