{"text": "\u304b\u304d\u304b\u3051\u306e\u624b\u7d19\u306b", "segments": [{"id": 0, "seek": 0, "start": 0.0, "end": 11.24, "text": "\u304b\u304d\u304b\u3051\u306e\u624b\u7d19\u306b", "tokens": [50364, 3703, 7016, 3703, 7625, 2972, 11389, 7732, 247, 4108, 50926], "temperature": 0.0, "avg_logprob": -0.38780728975931805, "compression_ratio": 0.7741935483870968, "no_speech_prob": 0.0009237487684004009}], "language": "Japanese"}