{"text": "\u7a93\u8fba\u3067", "segments": [{"id": 0, "seek": 0, "start": 0.0, "end": 5.0, "text": "\u7a93\u8fba\u3067", "tokens": [50364, 30771, 241, 9830, 118, 2474, 50614], "temperature": 0.0, "avg_logprob": -0.39637088775634766, "compression_ratio": 0.5, "no_speech_prob": 0.09554101526737213}], "language": "Japanese"}