{"text": "\u6d77\u306e\u5e95\u3067\u7720\u308b\u540d\u3082\u306a\u3044\u79c1\u306e\u305f\u3060\u3072\u3068\u3064\u82bd\u5439\u3044\u305f\u7121\u57a2\u306a\u5fc3", "segments": [{"id": 0, "seek": 0, "start": 0.0, "end": 11.8, "text": "\u6d77\u306e\u5e95\u3067\u7720\u308b\u540d\u3082\u306a\u3044\u79c1\u306e", "tokens": [50364, 20078, 2972, 22816, 2474, 2862, 254, 4895, 15940, 4801, 9311, 20083, 2972, 50954], "temperature": 0.0, "avg_logprob": -0.3016951161046182, "compression_ratio": 0.9259259259259259, "no_speech_prob": 9.507910726824775e-05}, {"id": 1, "seek": 0, "start": 11.8, "end": 23.6, "text": "\u305f\u3060\u3072\u3068\u3064\u82bd\u5439\u3044\u305f\u7121\u57a2\u306a\u5fc3", "tokens": [50954, 44519, 26950, 3193, 9335, 13778, 121, 2392, 117, 17679, 16976, 33701, 95, 3203, 7945, 51544], "temperature": 0.0, "avg_logprob": -0.3016951161046182, "compression_ratio": 0.9259259259259259, "no_speech_prob": 9.507910726824775e-05}], "language": "Japanese"}