{"text": "\u61d0\u304b\u3057\u3044\u6b4c", "segments": [{"id": 0, "seek": 0, "start": 0.0, "end": 6.66, "text": "\u61d0\u304b\u3057\u3044\u6b4c", "tokens": [50364, 13183, 238, 3703, 17121, 29582, 50697], "temperature": 0.0, "avg_logprob": -0.460610568523407, "compression_ratio": 0.625, "no_speech_prob": 0.0030238309409469366}], "language": "Japanese"}